uniqueKey	reviewText
A10000012B7CGYKOMPQ4L##000100039X	['spiritually', 'mentally', 'inspiring', 'book', 'allows', 'question', 'morals', 'help', 'discover', 'really']
A2S166WSCFIFP5##000100039X	['one', 'must', 'books', 'masterpiece', 'spirituality', 'ill', 'first', 'admit', 'literary', 'quality', 'isnt', 'much', 'rather', 'simplistically', 'written', 'message', 'behind', 'powerful', 'read', 'take', 'enlightenment']
A1BM81XB4QHOA3##000100039X	['book', 'provides', 'reflection', 'apply', 'life', 'way', 'try', 'assess', 'whether', 'truly', 'right', 'thing', 'making', 'short', 'time', 'plane']
A1MOSTXNIO5MPJ##000100039X	['first', 'read', 'prophet', 'college', 'back', '60s', 'book', 'revival', 'anything', 'metaphysical', 'turbulent', '60s', 'profound', 'effect', 'became', 'book', 'always', 'took', 'graduation', 'joined', 'peace', 'corps', 'stressful', 'training', 'country', 'liberia', 'times', 'illness', 'night', 'left', 'book', 'gave', 'great', 'comfort', 'read', 'married', 'children', 'born', 'two', 'near', 'fatal', 'illnesses', 'always', 'amazed', 'chapter', 'reaches', 'grabs', 'offers', 'comfort', 'hope', 'future', 'gibran', 'offers', 'timeless', 'insights', 'love', 'word', 'think', 'nation', 'read', 'learn', 'lessons', 'definitely', 'time', 'thought', 'reflection', 'book', 'could', 'guide', 'us']
A2XQ5LZHTD4AFT##000100039X	['timeless', 'classic', 'demanding', 'assuming', 'title', 'gibran', 'backs', 'excellent', 'style', 'content', 'means', 'publish', 'century', 'two', 'earlier', 'could', 'inspired', 'new', 'religion', 'mouth', 'old', 'man', 'sail', 'away', 'far', 'away', 'destination', 'hear', 'wisdom', 'life', 'important', 'aspects', 'messege', 'guide', 'book', 'sufi', 'sermon', 'much', 'put', 'perspective', 'without', 'hint', 'dogma', 'much', 'hints', 'birth', 'place', 'lebanon', 'many', 'old', 'prophets', 'walked', 'earth', 'book', 'project', 'first', 'germinated', 'likely', 'probably', 'becuase', 'written', 'english', 'originally', 'writing', 'flows', 'pleasant', 'read', 'charcoal', 'drawings', 'author', 'decorating', 'pages', 'plus', 'loved', 'cover']
A3V1MKC2BVWY48##000100039X	['reading', 'made', 'mind', 'feel', 'like', 'still', 'pool', 'water', 'cool', 'quiet', 'mossy', 'grotto', 'direct', 'simple', 'wisdom', 'depth', 'complexity', 'takes', 'quiet', 'day', 'sink', 'leaving', 'peace', 'best', 'set', 'time', 'aside', 'relax', 'absorb', 'let', 'softly', 'clear', 'mind']
A12387207U8U24##000100039X	['read', 'gibrans', 'poetry', 'brings', 'spiritual', 'visual', 'beauty', 'life', 'within', 'gibran', 'justly', 'famous', 'rich', 'metaphors', 'brilliantly', 'highlight', 'pursuit', 'truth', 'goodness', 'amidst', 'darkness', 'light', 'human', 'nature']
A29TRDMK51GKZR##000100039X	['deep', 'moving', 'dramatic', 'verses', 'heart', 'soul', 'truths', 'ancient', 'wisdom', 'true', 'romantic', 'poet', 'relevant', 'eternity']
A3FI0744PG1WYG##000100039X	['timeless', 'classic', 'years', 'ive', 'given', 'gift', 'times', 'count', 'continue', 'addresses', 'real', 'life', 'issues', 'beautiful', 'way', 'makes', 'us', 'reexamine', 'attitude', 'see', 'happens', 'lives', 'easy', 'read']
A2LBBQHYLEHM7P##000100039X	['amazing', 'work', 'realizing', 'extensive', 'use', 'biblical', 'imagery', 'sentence', 'structure', 'thirty-four', 'prophet', 'thirty-four', 'khalil', 'gibran', 'literary', 'classic', 'influencing', 'free', 'love', 'movement', '1960s', 'gibrans', 'master', 'work', 'explores', 'themes', 'love', 'longing', 'loss']
A1340OFLZBW5NG##000100039X	['love', 'book', 'writing', 'seems', 'flow', 'page', 'page', 'get', 'something', 'different', 'book', 'time', 'read']
A2KU9IU07LOJS1##000100039X	['book', 'classic', 'many', 'years', 'much', 'wisdom', 'read', 'numerous', 'times', 'new', 'things', 'come', 'time', 'favorite', 'chapter', 'one', 'children']
A2WVHIRDMLM82E##000100039X	['book', 'much', 'take', 'use', 'real', 'life', 'amazing', 'one', 'favorite', 'reads', 'time']
A2I35JB67U20C0##000100039X	['college', '70s', 'book', 'revival', 'read', 'recently', 'friend', 'ninety', 'talking', 'work', 'said', 'quot', 'work', 'love', 'made', 'visible', 'quot', 'told', 'prophet', 'though', 'beautiful', 'got', 'book', 'disappointed', 'see', 'ideas', 'realize', 'nothing', 'ideas', 'come', 'love', 'joy', 'bitter', 'produce', 'bitter', 'flow', 'love', 'joy', 'realization', 'love', 'joy', 'thus', 'work', 'love', 'made', 'visible', 'says', 'way', 'better', 'says', 'much', 'paragraphs', 'see', 'example', 'says', 'religious', 'positive', 'ways', 'looking', 'things', 'since', 'rediscoverd', 'book', 'given', 'away', 'many', 'copies', 'everyone', 'given', 'sincerly', 'thanked']
A19N3FCQCLJYUA##000100039X	['discovered', 'prophet', 'fifty', 'years', 'ago', 'college', 'read', 'dozens', 'times', 'since', 'addition', 'beat', 'hard', 'copy', 'portable', 'ecopy', 'looking', 'example', 'intelligently', 'designed', 'pun', 'intended', 'book', 'spiritual', 'guidance', 'would', 'doesnt', 'care', 'picture', 'name', 'define', 'thirty-four', 'god', 'thirty-four', 'whether', 'give', 'gender', 'personality', 'cuts', 'heart', 'live', 'relate', 'others', 'jesus', 'buddha', 'teamed', 'write', 'book', 'might', 'come', 'like', 'first', 'read', 'found', 'passages', 'difficult', 'grasp', 'looking', 'back', 'think', 'hard', 'understand', 'want', 'hear', 'gently', 'spoken', 'intelligently', 'phrased', 'ideas', 'contradicted', 'could', 'one', 'book', 'would', 'probably']
A3FFNE1DR5SI1W##000100039X	['cant', 'say', 'enough', 'kahlil', 'gibrans', 'work', 'among', 'piece', 'everybody', 'whole', 'world', 'read', 'almost', 'much', 'take', 'really', 'appreciate', 'put', 'towards', 'daily', 'lives', 'opinion', 'one', 'beautiful', 'literature', 'pieces', 'ever', 'written', 'would', 'recommend', 'gift', 'anyone', 'spiritual', 'poetic', 'philosophy', 'educational', 'piece', 'something', 'enjoy', 'five', 'stars', 'sure']
A1TT4CY55WLHAR##000100039X	['one thousand, nine hundred and seventy-two', 'version', 'bought', 'one thousand, nine hundred and seventy-four', 'one thousand, nine hundred and seventy-two', 'version', 'originally', 'dust', 'jacket', 'dust', 'jacket', 'long', 'gone', 'particular', 'rendition', 'many', 'reprintings', 'reason', 'popular', 'textured', 'paper', 'oldstyle', 'typography', 'leather', 'cover', 'better', 'plainold', 'paperback', 'size', 'diminutive', 'perfect', 'book']
A2X4HE21JTAL98##000100039X	['anything', 'ive', 'read', 'gibran', 'mind', 'flawless', 'famous', 'works', 'exception', 'simple', 'yet', 'deep', 'honest', 'profound', 'moving', 'inspirational', 'gibrans', 'work', 'one', 'kind', 'far', 'encouraging', 'moving', 'selfhelp', 'program', 'therapy', 'anything', 'like', 'poetic', 'style', 'aphorisms', 'parables', 'almost', 'biblical', 'feel', 'overworked', 'overstressed', 'modern', 'spiritually', 'starved', 'worldly', 'people', 'need']
ARDQ9KNB8K22N##000100039X	['cool', 'book', 'really', 'like', 'quality', 'production', 'black', 'clothbound', 'gold', 'embossing', 'nice', 'paper', 'looks', 'cotton', 'rag', 'proud', 'include', 'collection', 'intrigueing', 'story', 'full', 'sort', 'passion', 'clear_up', 'mind', 'divert', 'truth', 'instead', 'revealing', 'living', 'readable', 'stories', 'short', 'highly', 'economic', 'one', 'likely', 'read', 'minute', 'two', 'something', 'insightful', 'revealed', 'full', 'timeless', 'truths', 'lasting', 'value', 'reader', 'inform', 'life', 'language', 'delivery', 'familiar', 'yet', 'quality', 'penetrating', 'similar', 'way', 'might', 'listening', 'surmon', 'jesus', 'give', 'five', 'stars', 'considered', 'giving', 'four', 'stars', 'format', 'fairly', 'predictable', 'decided', 'quality', 'actually', 'strength', 'one', 'pick', 'book', 'point', 'continue', 'end', 'start', 'matter', 'excellent', 'busy', 'people', 'commuters']
A27ZH1AQORJ1L##000100039X	['book', 'everything', 'simple', 'delicate', 'true', 'beautiful', 'read', 'books', 'touching', 'enlightening', 'quot', 'prophet', 'quot', 'true', 'masterpiece', 'feeling', 'ancient', 'wisdom', 'wisdom', 'text', 'gentle', 'yet', 'insistent', 'lets', 'understand', 'things', 'youve', 'always', 'known', 'feelings', 'defy', 'description']
A5E9TSD20U9PR##000100039X	['dont', 'know', 'gibran', 'get', 'know', 'work', 'prophet', 'must', 'read', 'outlook', 'life', 'truly', 'inspiring', 'guide', 'approach', 'major', 'life', 'decisions', 'relationship', 'mans', 'work', 'wont', 'regret']
A26GKZPS079GFF##000100039X	['would', 'say', 'best', 'book', 'ive', 'ever', 'read', 'could', 'feel', 'every', 'word', 'deep', 'heart', 'everytime', 'many', 'times', 'ive', 'read', 'would', 'never', 'get', 'enough', 'treasure']
AENNW2G826191##000100039X	['thin', 'book', 'readable', 'interesting', 'twelve', 'page', 'thoughts', 'various', 'entities', 'like', 'anger', 'children', 'religion', 'speech', 'silence', 'cool', 'reading', 'ofcourse', 'one', 'needs', 'imbibe', 'thoughts', 'author', 'consumed', 'slowly', 'perhaps', 'revisited', 'leaves', 'pretty', 'heady', 'clear', 'certain', 'things']
A1KQ80Y692CDOI##000100039X	['read', 'year', 'ago', 'cant', 'recall', 'great', 'deal', 'book', 'recall', 'like', 'poem', 'way', 'writing', 'beautiful', 'found', 'ambiguous', 'befuddled', 'meaning', 'could', 'identify', 'gibran', 'speaks', 'god', 'cannot', 'identify', 'since', 'abandoned', 'philosophies', 'thus', 'difficult', 'revisit', 'book', 'feeling', 'may', 'missed', 'something', 'great', 'book', 'indeed', 'pulled', 'wisdom', 'parts', 'rather', 'go', 'back', 'read', 'perhaps', 'move', 'another', 'many', 'books', 'enlightening', 'worth', 'reading', 'someday', 'would', 'like', 'read', 'dig', 'deeper']
AUTNO7VDY4H4A##000100039X	['loved', 'book', 'since', 'first', 'read', 'years', 'gone', 'purchased', 'copy', 'friend', 'never', 'read', 'gibran']
AF7CSSGV93RXN##000100039X	['first', 'read', 'prophet', 'kahlil', 'gibran', 'thirty', 'years', 'ago', 'read', 'many', 'times', 'since', 'gibrans', 'messages', 'timeless', 'always', 'influenced', 'life', 'relationships', 'years', 'used', 'gift', 'persons', 'cared', 'paperback', 'version', 'lovely', 'cover', 'makes', 'nice', 'yet', 'inexpensive', 'gift', 'containing', 'valuable', 'lessons', 'anyone', 'purchased', 'three', 'future', 'giving', 'special', 'price', 'offered']
A3L6UC8985ORUY##000100039X	['thin', 'book', 'deep', 'thoughts', 'topics', 'like', 'love', 'generosity', 'death', 'prayer', 'etc', 'read', 'thin', 'sametime', 'contains', 'many', 'words', 'wisdon']
A3SK701OIJM1YX##000100039X	['ever', 'say', 'anything', 'negative', 'great', 'philosopher', 'poet', 'artist', 'read', 'enjoy', 'apply', 'life']
A3Q4Q7XFEM5UHL##000100039X	['excellent', 'bookfull', 'wisdom', 'even', 'though', 'book', 'wasnt', 'preachey', 'lot', 'references', 'made', 'bible', 'made']
A2RC16D2R9LXGW##000100039X	['bought', 'book', 'supplement', 'recording', 'treasure', 'collection', 'prophet', 'truly', 'inspirational', 'poetically', 'illustrates', 'many', 'challenges', 'journeys', 'human', 'spirit', 'traverses', 'birth', 'death', 'utterings', 'omni', 'religious', 'subtly', 'explain', 'basic', 'principles', 'human', 'lifespan', 'authoritative', 'spiritual', 'perspective', 'must', 'deep', 'notsodeep', 'thinker']
A24JRVJFYYXKPS##000100039X	['fantastic', 'book', 'would', 'definitely', 'recommend', 'everyone', 'quick', 'read', 'also', 'insightful', 'really', 'makes', 'think']
A3H65DAAV98C8F##000100039X	['wish', 'could', 'read', 'original', 'text', 'simplicity', 'frankness', 'blend', 'respect', 'individual', 'appreciation', 'spiritualitythis', 'astonishing', 'work', 'ever', 'read']
A2PH70X2FVDDGH##000100039X	['one', 'profound', 'books', 'ever', 'read', 'learn', 'alot', 'love', 'life', 'relationships', 'reading', 'book', 'insightful']
A2M7R6TNMH5YZN##000100039X	['maybe', 'folks', 'homeland', 'considered', 'thirty-four', 'prophet', 'thirty-four', 'see', 'person', 'ideas', 'many', 'truths', 'said', 'like', 'many', 'ideas', 'concepts', 'like', 'spiritual', 'gurus', 'like', 'eckhardt', 'tolle', 'youll', 'probably', 'like', 'kahlil', 'gibran']
A1NPNGWBVD9AK3##000100039X	['one', 'first', 'literary', 'books', 'recall', 'reading', 'mother', 'kept', 'collection', 'gibrans', 'works', 'often', 'read', 'curious', 'see', 'attracted', 'looked', 'either', 'eight', 'nine', 'time', 'believe', 'first', 'taste', 'spirituality', 'seemed', 'time', 'relevant', 'forcefed', 'nuns', 'catechism', 'class', 'rereading', 'gibran', 'im', 'struck', 'notion', 'hesse', 'must', 'aware', 'texts', 'wrote', 'siddhartha', 'contain', 'many', 'themes', 'one', 'else', 'guide', 'path', 'must', 'select', 'course', 'preachers', 'prophets', 'dime', 'dozen', 'true', 'wisdom', 'comes', 'within', 'prophets', 'teaching', 'love', 'particularly', 'relevant', 'stage', 'life', 'quot', 'even', 'love', 'crowns', 'shall', 'crucify', 'even', 'growth', 'pruning', 'even', 'ascends', 'height', 'caresses', 'tenderest', 'branches', 'quiver', 'sun', 'shall', 'descend', 'roots', 'shake', 'clinging', 'earth', 'like', 'sheaves', 'corn', 'gathers', 'unto', 'threshes', 'make', 'naked', 'sifts', 'free', 'husks', 'grinds', 'whiteness', 'kneads', 'pliant', 'assigns', 'sacred', 'fire', 'may', 'become', 'sacred', 'bread', 'gods', 'sacred', 'feast', 'quot', 'look', 'books', 'may', 'appear', 'simplistic', 'jaundiced', 'eye', 'may', 'also', 'provide', 'inspiration', 'need', 'see', 'lifes', 'travails']
A13C50JF143I83##000100039X	['kahlil', 'amazing', 'try', 'express', 'wisdom', 'words', 'would', 'like', 'insult', 'read', 'book', 'let', 'soak', 'carl', 'bozemanauthor', 'amazon', 'bestselling', 'book', 'thirty-four', 'god', 'beyond', 'lifes', 'purposeare', 'listening', 'addressing', 'divine', 'within', 'human', 'loving', 'living', 'without', 'purpose']
A1L5IG1LKN6NED##000100039X	['one', 'best', 'inspiring', 'philosophy', 'poetry', 'books', 'ever', 'written', 'read', 'though', 'never', 'tire', 'great', 'reminder', 'whats', 'important', 'life', 'puts', 'everything', 'perspective', 'favorite', 'chapters', 'love', 'marriage', 'children', 'first', 'look', 'romantic', 'though', 'chapters', 'may', 'appeal', 'absolutely', 'classic', 'timeless', 'perfectly', 'stands', 'test', 'time', 'personal', 'copy', 'one thousand, nine hundred and forty-eight', 'one', 'favorite', 'treasures']
A15ACUAJEJXCS3##000100039X	['gibrans', 'celebrated', 'work', 'goodreason', 'profound', 'insight', 'expose', 'human', 'characterand', 'emotions', 'work', 'within', 'heart', 'soul', 'humble', 'words', 'seared', 'heights', 'depths', 'love', 'pain', 'lifechanging', 'arrangement', 'words', 'sum', 'book', 'one', 'word', 'would', 'quot', 'sublime', 'quot', 'youre', 'picking', 'title', 'sure', 'order', 'gibrans', 'beloved', 'go', 'along', 'books', 'deserve', 'worthy', 'permanent', 'place', 'bookshelf']
A393EJD130USD6##000100039X	['intrinsically', 'book', 'utilizes', 'flowing', 'cleaver', 'way', 'express', 'ideological', 'interpretations', 'author', 'personally', 'found', 'nothing', 'profound', 'ideologies', 'expressed', 'book', 'find', 'simply', 'pleasure', 'read', 'even', 'lack', 'philosophical', 'epiphany', 'style', 'book', 'fluid', 'manner', 'parallel', 'structure', 'chapters', 'brevity', 'combined', 'larger', 'font', 'piece', 'leave', 'reader', 'whether', 'agree', 'philosophies', 'therein', 'state', 'solemn', 'peace', 'feeling', 'wasted', 'time', 'really', 'probably', 'really', 'conserve', 'time', 'anyway', 'took', 'little', 'hour', 'read', 'breaks']
A133S8CUIVRFKN##000100039X	['first', 'started', 'writing', 'poetry', 'age', 'twelve', 'thirteen', 'encouraged', 'read', 'poets', 'something', 'refused', 'thought', 'might', 'influence', 'style', 'ok', 'hard', 'headed', 'later', 'introduced', 'brother', 'law', 'kahlil', 'gibran', 'like', 'finding', 'kindred', 'soul', 'totally', 'encourage', 'one', 'wants', 'excel', 'poetry', 'read', 'greats', 'wont', 'find', 'many', 'caliber', 'man', 'words', 'sing', 'page', 'poetry', 'short', 'stories', 'love', 'martyrs', 'man', 'words', 'still', 'singed', 'brain', 'think', 'truly', 'speaks', 'time', 'living', 'ever', 'memory', 'verbatim', 'soldier', 'must', 'forsake', 'wife', 'children', 'go', 'fourth', 'fields', 'battle', 'sake', 'greedwhich', 'leaders', 'miscall', 'duty', 'martyr', 'man', 'theres', 'gist', 'saying', 'love', 'poetry', 'havent', 'read', 'kahlil', 'gibran', 'youre', 'missing', 'one', 'greatest', 'poets', 'ever', 'live', 'write', 'poetry', 'firmly', 'believe', 'kahlil', 'gibran', 'recquired', 'reading', 'feel', 'plod', 'way', 'fall', 'love', 'immense', 'gifts', 'sincerely', 'best', 'wishes', 'allchase', 'vonyour', 'chance', 'hear', 'last', 'panther', 'speak']
A3NPACKJFKAZIE##000100039X	['beautiful', 'peaceful', 'read', 'carry', 'purse', 'read', 'whenever', 'waiting', 'doctor', 'airport', 'etc']
A3BHSR8LON67NA##000100039X	['book', 'great', 'chapter', 'nugget', 'wisdom', 'resulting', 'treasure', 'trove', 'end', 'wonder', 'book', 'called', 'classic', 'gibran', 'uses', 'literary', 'style', 'inspired', 'bible', 'still', 'easy', 'read', 'lot', 'philosophical', 'ideas', 'im', 'sure', 'revisit', 'future', 'seems', 'like', 'one', 'books', 'learn', 'something', 'new', 'every', 'time', 'reread', 'definitely', 'recommend', 'especially', 'anyone', 'new', 'philosophy', 'reading', 'short', 'easy', 'read']
A1JP8MMNY1EACY##000100039X	['decade', 'past', 'knew', 'little', 'writer', 'artist', 'poet', 'prophet', 'kahlil', 'gibran', 'happy', 'say', 'today', 'well', 'acquainted', 'work', 'prophet', 'first', 'book', 'read', 'written', 'gibran', 'ever', 'since', 'first', 'reading', 'immersed', 'extraordinarily', 'consummate', 'skill', 'exquisitely', 'crafted', 'words', 'say', 'prophet', 'writings', 'kahlil', 'gibran', 'simply', 'fine', 'literature', 'say', 'mysterious', 'soul', 'mediocre', 'recommend', 'touched', 'upon', 'kahlil', 'gibrans', 'books', 'consider', 'prophet', 'good', 'start', 'differ', 'disappointed', 'extraordinary', 'works', 'art', 'gibran', 'voice', 'master', 'beloved', 'sand', 'foam', 'broken', 'wings', 'night', 'morn', 'earth', 'gods', 'one', 'personal', 'favorites', 'though', 'much', 'story', 'rather', 'collection', 'personal', 'letters', 'dearly', 'beloved', 'friends', 'kahlil', 'gibran', 'selfportrait']
A3IS4WGMFR4X65##000100039X	['prophet', 'kahlil', 'gibrans', 'best', 'known', 'work', 'western', 'world', 'twenty-five', 'million', 'copies', 'sold', 'said', 'kahlil', 'spent', 'twenty', 'years', 'writing', 'prophet', 'held', 'onto', 'manuscript', 'four', 'years', 'finally', 'releasing', 'publication', 'kahlil', 'referred', 'prophet', 'strange', 'little', 'book', 'little', 'black', 'book', 'reference', 'cover', 'working', 'title', 'strange', 'little', 'book', 'counsels', 'final', 'version', 'consisting', 'twenty-six', 'verses', 'prophet', 'philosophy', 'east', 'west', 'meet', 'union', 'unparalleled', 'literature', 'early', '20th', 'century', 'kahlil', 'acknowledged', 'inspired', 'multitude', 'writers', 'evident', 'throughout', 'prophet', 'notably', 'visions', 'william', 'blake', 'kahlil', 'referred', 'poetprophet', 'parexcellence', 'incidentally', 'one', 'kahlils', 'mentors', 'sculptor', 'rodin', 'called', 'kahlil', '20th', 'century', 'blake', 'prophet', 'also', 'heavily', 'influenced', 'bible', 'buddhism', 'hinduism', 'english', 'romantics', 'ralph', 'waldo', 'emerson', 'walt', 'whitman', 'friedrich', 'nietzsche', 'ameen', 'rihani', 'christian', 'sufi', 'mysticism', 'prophet', 'first', 'published', 'early', '20th', 'century', 'critic', 'claude', 'bragdon', 'wrote', 'extraordinary', 'dramatic', 'power', 'deep', 'erudition', 'lightninglike', 'intuition', 'lyrical', 'lift', 'metrical', 'mastery', 'message', 'presented', 'beauty', 'beauty', 'beauty', 'permeates', 'entire', 'pattern', 'wow', 'thats', 'powerful', 'critique', 'lets', 'listen', 'close', 'friend', 'one', 'biographers', 'mary', 'haskell', 'wrote', 'kahlil', 'received', 'copy', 'prophet', 'beloved', 'kahlil', 'prophet', 'came', 'today', 'realize', 'hopes', 'seemed', 'compacted', 'form', 'open', 'yet', 'new', 'doors', 'desire', 'imagination', 'create', 'universe', 'nimbus', 'book', 'held', 'one', 'treasures', 'english', 'literature', 'darkness', 'open', 'find', 'heaven', 'earth', 'within', 'generations', 'exhaust', 'instead', 'generation', 'generation', 'find', 'book', 'would', 'fain', 'better', 'loved', 'men', 'grow', 'riper', 'riper', 'loving', 'book', 'ever', 'written', 'add', 'little', 'haskell', 'good', 'point']
A2NADOABAA13VC##000100039X	['love', 'book', 'every', 'time', 'buy', 'one', 'give', 'away', 'one', 'book', 'arrived', 'time', 'good', 'condition']
A3FU86AVLGG2SW##000100039X	['book', 'great', '60s', 'great', 'still', 'makes', 'feel', 'peaceful', 'inside', 'lets', 'stop', 'contimplate', 'read', 'good', 'source', 'tranquility']
AWLFVCT9128JV##000100039X	['gibran', 'khalil', 'gibran', 'born', 'one thousand, eight hundred and eighty-three', 'northern', 'lebanon', 'one thousand, nine hundred and nine', 'went', 'paris', 'study', 'like', 'strict', 'education', 'traveled', 'eventually', 'moving', 'new', 'york', 'gibran', 'became', 'artist', 'writer', 'one thousand, nine hundred and twenty-three', 'published', 'prophet', 'generally', 'considered', 'greatest', 'work', 'died', 'cancer', 'new', 'york', 'hospital', 'young', 'age', 'forty-eight', 'prophet', 'story', 'almustafa', 'prophet', 'living', 'twelve', 'years', 'orphalese', 'depart', 'aboard', 'ship', 'return', 'home', 'goes', 'group', 'people', 'stop', 'teaches', 'secrets', 'life', 'gibran', 'writes', 'poetic', 'manner', 'wonderful', 'read']
AWAWNWH21F94N##000100039X	['compared', 'works', 'like', 'thirty-four', 'tarantula', 'thirty-four', 'bob', 'dylan', 'purchased', 'time', 'gift', 'received', 'praise', 'per', 'current', 'cover']
A33CNFK776MTWR##000100039X	['didnt', 'really', 'know', 'expect', 'purchased', 'knew', 'wellregarded', 'book', 'said', 'full', 'wisdom', 'found', 'story', 'easy', 'read', 'words', 'per', 'page', 'covering', 'sayings', 'wise', 'man', 'speaks', 'around', 'kind', 'poetry', 'words', 'kind', 'difficult', 'understand', 'insights', 'familiar', 'refreshing', 'made', 'reconsider', 'notions', 'aspects', 'life', 'although', 'less', 'spiritual', 'revolution', 'gentle', 'awakening', 'bought', 'hardcover', 'small', 'sits', 'easily', 'one', 'hand', 'pages', 'made', 'richfeeling', 'textured', 'paper', 'feels', 'nice', 'fingertips', 'text', 'printed', 'spacious', 'easy', 'read', 'letters', 'throughout', 'book', 'scattered', 'drawings', 'kahlil', 'gibran', 'made', 'like', 'feel', 'add', 'experience', 'reading', 'book', 'although', 'cant', 'quite', 'put', 'finger', 'reason', 'spiritual', 'far', 'could', 'tell', 'convey', 'beliefs', 'specific', 'religion', 'even', 'assume', 'readily', 'recognizable', 'god', 'gibran', 'says', 'wind', 'speaks', 'sweetly', 'giant', 'oaks', 'least', 'blades', 'grass', 'pp', 'two thousand, seven hundred and twenty-eight', 'notion', 'god', 'emerges', 'pages', 'pervasive', 'connectedness', 'oneness', 'nature', 'universe']
A1MCAHDE1F3Q6L##000100039X	['author', 'spirituallythemed', 'book', 'entitled', 'misadventures', 'sister', 'mary', 'olga', 'fortitude', 'appreciate', 'book', 'opens', 'doors', 'spiritual', 'understanding', 'contemporary', 'books', 'poetic', 'way', 'book', 'containing', 'eternal', 'truths', 'given', 'high', 'school', 'graduation', 'present', 'many', 'years', 'ago', 'time', 'found', 'beautiful', 'couldnt', 'understand', 'hadnt', 'experienced', 'life', 'selections', 'book', 'read', 'wedding', 'sections', 'love', 'speak', 'truly', 'us', 'never', 'inkling', 'true', 'love', 'since', 'caught', 'world', 'attachment', 'illusions', 'delusions', 'book', 'help', 'break', 'classic', 'stand', 'mark', 'time', 'bible', 'done', 'kahlil', 'gibran', 'old', 'soul', 'speaks', 'language', 'embraced', 'people', 'faith', 'book', 'filled', 'metaphors', 'parables', 'almost', 'jesus', 'speaking', 'author', 'whether', 'able', 'comprehend', 'author', 'speaking', 'prophet', 'plant', 'seeds', 'bear', 'good', 'fruit', 'davis', 'aujourdhui', 'author', 'misadventures', 'sister', 'mary', 'olga', 'fortitude']
APW96HJ7GYRJH##000100039X	['eloquent', 'full', 'divine', 'wisdom', 'little', 'treatise', 'packs', 'truth', 'ninety-six', 'pages', 'youre', 'going', 'find', 'anywhere', 'else', 'ill', 'continue', 'read', 'passages', 'morning', 'remind', 'beauty', 'magic', 'life']
A2QZFUQ8ME1KYS##000100039X	['entire', 'series', 'original', 'nothing', 'quite', 'good', 'one', 'wise', 'master', 'leaving', 'city', 'departs', 'crowd', 'shouts', 'impart', 'knowledge', 'teach', 'us', 'love', 'education', 'power', 'knowledge', 'etc', 'cry', 'simple', 'plot', 'organization', 'timeless', 'wisdom']
AW1Z7GYIBWB4K##000100039X	['book', 'lost', 'moved', 'love', 'touches', 'soul', 'gives', 'perspective', 'life']
AMRZ5G7HF7I03##000100039X	['joyous', 'look', 'deep', 'heart', 'shall', 'find', 'given', 'sorrow', 'giving', 'joy', 'sorrowful', 'look', 'heart', 'shall', 'see', 'truth', 'weeping', 'delight', 'g', 'k', 'gibran', 'prophetthe', 'prophet', 'gibrans', 'bestknown', 'work', 'prophet', 'collection', 'poetic', 'essays', 'became', 'popular', 'rise', 'american', 'new', 'age', 'movement', '1960s', 'since', 'first', 'publication', 'one thousand, nine hundred and twenty-three', 'prophet', 'never', 'print', 'translated', 'twenty', 'languages', 'became', 'one', 'twentieth', 'century', 'best', 'selling', 'books', 'united', 'states', 'prophet', 'evoked', 'journey', 'promeathian', 'exile', 'called', 'al', 'mustafa', 'chosen', 'one', 'one', 'islams', 'prophet', 'favorite', 'adjectives', 'gibran', 'added', 'work', 'separate', 'work', 'attached', 'story', 'al', 'mustafa', 'gibran', 'later', 'linked', 'roots', 'poetic', 'collection', 'work', 'wrote', 'teenager', 'arabic', 'quote', 'prophet', 'selfknowledge', 'hearts', 'know', 'silence', 'secrets', 'days', 'nights', 'ears', 'thirst', 'sound', 'hearts', 'knowledge', 'would', 'know', 'words', 'always', 'known', 'thought', 'would', 'touch', 'fingers', 'naked', 'body', 'dreams', 'well', 'hidden', 'wellspring', 'soul', 'must', 'needs', 'rise', 'run', 'murmuring', 'sea', 'treasure', 'infinite', 'depths', 'would', 'revealed', 'eyes', 'let', 'scales', 'weigh', 'unknown', 'treasure', 'seek', 'depths', 'knowledge', 'staff', 'sounding', 'line', 'self', 'sea', 'boundless', 'measureless', 'g', 'khalil', 'gibran', 'eighteen million, eight hundred and thirty-one thousand, nine hundred and thirty-one', 'encountered', 'gibran', 'young', 'kid', 'even', 'appreciating', 'arabic', 'poetry', 'amazed', 'beauty', 'art', 'romance', 'expression', 'prophet', 'read', 'later', 'arabic', 'realized', 'lebanese', 'emigrant', 'poet', 'touched', 'western', 'hearts', 'gibrans', 'collection', 'early', 'stories', 'parables', 'poetic', 'prose', 'written', 'arabic', 'works', 'translated', 'english', 'earning', 'nickname', 'shelly', 'orient', 'many', 'arabic', 'speaking', 'intelligentsia', 'including', 'dad', 'thought', 'qualified', 'naguib', 'mahfouz', 'elected', 'first', 'nobel', 'laureate', 'arabic', 'writer', 'classic', 'book', 'reviews', 'gibrans', 'gift', 'us', 'well', 'gibrans', 'prophet', 'rivaled', 'wisdom', 'founders', 'worlds', 'great', 'religions', 'words', 'power', 'lucidity', 'another', 'era', 'would', 'surely', 'provoked', 'description', 'divinely', 'inspired', 'brian', 'bruya', 'power', 'came', 'great', 'reservoir', 'spiritual', 'life', 'else', 'could', 'universal', 'potent', 'majesty', 'beauty', 'language', 'clothed', 'claude', 'bragdonprophet', 'life', 'times', 'kahlil', 'gibran']
A34HCSZJXZLPC##000100039X	['okay', 'know', 'gibhran', 'supposed', 'corny', 'cliched', 'assosciated', 'hippy', 'movement', '60s', 'mean', 'also', 'isnt', 'still', 'relevant', 'anyone', 'seeking', 'answers', 'life', 'set', 'simple', 'prophet', 'takes', 'leave', 'people', 'stayed', 'many', 'years', 'asked', 'series', 'questions', 'tell', 'us', 'friendship', 'love', 'work', 'death', 'question', 'prophet', 'provides', 'answer', 'message', 'prophet', 'provides', 'life', 'easy', 'greatest', 'joys', 'achieved', 'risking', 'enduring', 'great', 'sorrow', 'took', 'gibran', 'prophet', 'read', 'take', 'message', 'words']
A3QZI8VT0VWUEX##000100039X	['received', 'first', 'copy', 'book', 'forty', 'years', 'ago', 'young', 'woman', 'found', 'understanding', 'topics', 'concerned', 'aged', 'life', 'experiences', 'broadened', 'book', 'still', 'gave', 'understanding', 'confirmation', 'given', 'gift', 'many', 'enjoy', 'book', 'keep', 'reference', 'book', 'keeps', 'giving', 'need', 'life', 'experiences', 'interests', 'change']
AI9CMLQWH9KRP##000100039X	['prophet', 'kahlil', 'gibran', 'beautiful', 'inspiring', 'writing', 'really', 'resonated', 'within', 'felt', 'truth', 'feel', 'good', 'patience', 'deep', 'contemplation', 'book', 'lead', 'profound', 'understanding', 'life', 'others', 'around', 'first', 'read', 'kahlil', 'gibran', 'book', 'calledthe', 'lost', 'teachings', 'atlantis', 'book', 'answered', 'spiritual', 'questions', 'meaning', 'life', 'easily', 'understandable', 'manner', 'corresponds', 'writing', 'kahlil', 'gibran', 'highly', 'recommend', 'reading', 'book', 'also']
A2NHD7LUXVGTD3##000100039X	['prophet', 'short', 'read', 'copy', 'checks', 'one hundred', 'pages', 'berevity', 'belies', 'power', 'beauty', 'gibrans', 'words', 'simplest', 'discourse', 'human', 'condition', 'love', 'work', 'joy', 'sorrow', 'crime', 'punishment', 'reason', 'passion', 'gibran', 'runs', 'gamut', 'emotion', 'laying', 'bare', 'paradox', 'human', 'beings', 'tone', 'somewhat', 'mystical', 'didnt', 'really', 'care', 'sheer', 'poetic', 'beauty', 'writing', 'moved', 'example', 'chapter', 'love', 'gibran', 'writes', 'love', 'beckons', 'follow', 'though', 'ways', 'hard', 'steep', 'wings', 'enfold', 'yield', 'though', 'sword', 'hidden', 'among', 'pinions', 'may', 'wound', 'speaks', 'believe', 'even', 'love', 'crowns', 'shall', 'crucify', 'even', 'growth', 'pruning', 'contrast', 'vivid', 'metaphor', 'beautiful', 'images', 'stunning', 'left', 'much', 'think', 'reflect', 'life', 'choices', 'ive', 'made', 'would', 'going', 'far', 'say', 'result', 'reading', 'prophet', 'ive', 'epiphany', 'take', 'ridiculous', 'conclusion', 'sort', 'conversion', 'rather', 'caused', 'consider', 'philosophical', 'level', 'human', 'means', 'demonstrated', 'humanness', 'life', 'part', 'poetry', 'part', 'philosophy', 'simultaneously', 'thoughtprovoking', 'emotional', 'undeniably', 'readers', 'visceral', 'reaction', 'although', 'apparently', 'given', 'reviews', 'reactions', 'positive', 'highly', 'recommended', 'cause', 'one', 'examine', 'life', 'unexamined', 'life', 'worthlessness', 'living']
A1K1JW1C5CUSUZ##000100039X	['prophet', 'mysterious', 'religious', 'thinker', 'leave', 'native', 'land', 'goes', 'many', 'people', 'one', 'question', 'ask', 'words', 'tells', 'accumulated', 'wisdom', 'primarily', 'nondenominational', 'way', 'exceptions', 'come', 'references', 'rebirth', 'essence', 'brief', 'lesson', 'step', 'outside', 'perspective', 'see', 'things', 'way', 'god', 'wants', 'us', 'let', 'give', 'example', 'someone', 'transgresses', 'either', 'mans', 'laws', 'gods', 'laws', 'tend', 'condemn', 'person', 'harshly', 'focus', 'punishment', 'like', 'treating', 'person', 'though', 'fallen', 'level', 'still', 'human', 'yet', 'one', 'anything', 'worse', 'person', 'done', 'wrong', 'wrong', 'surely', 'reaction', 'still', 'focus', 'like', 'mothers', 'fundamental', 'humanness', 'person', 'desire', 'person', 'contributing', 'loving', 'helpful', 'part', 'community', 'another', 'way', 'think', 'lessons', 'prophet', 'notice', 'nature', 'loves', 'balance', 'interfere', 'nature', 'nature', 'overreacts', 'new', 'way', 'counters', 'interference', 'happens', 'put', 'much', 'phosphate', 'lakes', 'algae', 'blooms', 'expand', 'exponentially', 'eat', 'phosphate', 'lessons', 'help', 'us', 'see', 'balance', 'missing', 'initial', 'reaction', 'good', 'parallel', 'found', 'study', 'brain', 'initial', 'reactions', 'frightened', 'threatened', 'focused', 'oldest', 'parts', 'brain', 'part', 'brain', 'triggers', 'strong', 'chemicals', 'released', 'engage', 'us', 'quot', 'fight', 'flight', 'quot', 'reactions', 'save', 'lives', 'nearterm', 'quot', 'civilized', 'quot', 'world', 'often', 'reactions', 'stress', 'gibran', 'helping', 'us', 'move', 'highest', 'level', 'consciousness', 'choosing', 'reactions', 'selecting', 'reactions', 'integrate', 'parts', 'brains', 'plus', 'near', 'longterm', 'best', 'interests', 'individuals', 'community', 'many', 'eastern', 'religions', 'encourage', 'one', 'become', 'free', 'conscious', 'mind', 'sense', 'objectivity', 'captured', 'nicely', 'feeling', 'much', 'like', 'meditating', 'read', 'prophet', 'calming', 'influence', 'overreactive', 'senses', 'also', 'think', 'perspective', 'like', 'moon', 'observing', 'circumstances', 'earth', 'telescope', 'extreme', 'distance', 'come', 'detachment', 'ego', 'permit', 'good', 'thinking', 'none', 'perspectives', 'directly', 'suggested', 'alluded', 'moral', 'lessons', 'simply', 'briefest', 'possible', 'examples', 'make', 'clear', 'masterpieces', 'good', 'thinking', 'moral', 'ethics', 'fine', 'communication', 'answers', 'brief', 'profound', 'want', 'discuss', 'suggest', 'select', 'another', 'member', 'family', 'group', 'people', 'house', 'worship', 'lessons', 'best', 'explored', 'discussing', 'tangible', 'situations', 'face', 'every', 'day', 'certainly', 'desirable', 'appropriate', 'consider', 'direct', 'teachings', 'religious', 'heritage', 'beliefs', 'connection', 'whenever', 'feel', 'overwhelmed', 'turn', 'page', 'prophet', 'addresses', 'issue', 'like', 'taking', 'warm', 'bath', 'soothed', 'love', 'humanity', 'answers', 'gibran', 'provides', 'speak', 'ask', 'speak', 'want']
ADS5APY1NKTL4##000100039X	['khalil', 'gibrans', 'book', 'prophet', 'power', 'transform', 'darkest', 'feeling', 'pain', 'heart', 'great', 'release', 'blessing', 'exists', 'passage', 'touches', 'deep', 'universal', 'topic', 'marriage', 'friendship', 'etc', 'words', 'spoken', 'profoundly', 'clearly', 'mouth', 'mystic', 'insightful', 'prophet', 'nothing', 'words', 'wisdom', 'impart', 'gather', 'around', 'truly', 'life', 'affirming', 'transformative', 'experience', 'please', 'read', 'today', 'give', 'insight', 'sacred', 'aspects', 'life', 'choices', 'experiences', 'exist', 'world']
A12W8NRSYR593I##000100039X	['jubran', 'kahlil', 'jubran', 'teacher', 'make', 'mistake', 'name', 'wrote', 'kahlil', 'gibran', 'arrived', 'lebanon', 'still', 'part', 'ottoman', 'empire', 'went', 'gibran', 'kahlil', 'gibran', 'poetry', 'timeless', 'view', 'towards', 'life', 'world', 'large', 'everyone', 'friend', 'one', 'passage', 'thirty-four', 'half', 'say', 'meaningless', 'say', 'half', 'may', 'reach', 'thirty-four', 'used', 'john', 'lennon', 'white', 'album', 'tune', 'called', 'thirty-four', 'julia', 'thirty-four']
A3A0ZK5GTHSCUV##000100039X	['plan', 'buy', 'three', 'copies', 'amazon', 'departing', 'son', 'distant', 'friends', 'last', 'night', 'made', 'mad', 'dash', 'get', 'copy', 'book', 'ten', 'minutes', 'book', 'store', 'closed', 'couldnt', 'find', 'old', 'one', 'trying', 'unsuccessfully', 'weeks', 'send', 'sos', 'lifelong', 'friend', 'whose', 'comforting', 'presence', 'really', 'needed', 'even', 'phone', 'long', 'sunlit', 'walks', 'beautiful', 'neighborhood', 'lined', 'one hundred', 'year', 'old', 'oaks', 'magnolias', 'elms', 'maple', 'trees', 'make', 'feel', 'better', 'home', 'news', 'reporting', 'political', 'ecomonic', 'turmoil', 'going', 'worldwide', 'oscars', 'latter', 'could', 'care', 'less', 'sad', 'loney', 'moment', 'back', 'miami', 'would', 'naturally', 'hit', 'beach', 'watch', 'ocean', 'balcony', 'forget', 'world', 'desperation', 'jumped', 'vehicle', 'hit', 'book', 'store', 'called', 'wisdom', 'mr', 'gibran', 'sipped', 'glass', 'red', 'kicked', 'back', 'couch', 'slowly', 'read', 'aloud', 'blessed', 'passage', 'areas', 'life', 'challenges', 'present', 'dont', 'know', 'book', 'always', 'makes', 'cry', 'beginning', 'smile', 'end', 'little', 'hour', 'id', 'read', 'slowly', 'page', 'felt', 'one hundred', 'better', 'physical', 'inspection', 'would', 'student', 'slackers', 'paradise', 'book', 'report', 'choice', 'dont', 'easily', 'deceived', 'book', 'packs', 'useful', 'information', '50pound', 'college', 'textbook', 'without', 'endless', 'verbage', 'one', 'zero', 'page', 'russian', 'novel', 'small', 'paper', 'good', 'weight', 'quality', 'ones', 'always', 'purchase', 'least', 'print', 'big', 'illustrations', 'done', 'mr', 'gibran', 'simple', 'yet', 'humana', 'divinical', 'words', 'brief', 'powerful', 'comforting', 'idiotproof', 'perfect', 'healing', 'food', 'lovestarved', 'yet', 'attentiondeficit', 'crazy', 'world', 'live', 'first', 'given', 'book', 'friend', 'departing', 'gift', 'seven', 'zero', 'land', 'sea', 'voyage', 'back', 'one thousand, nine hundred and eighty-three', 'hope', 'friend', 'ever', 'need', 'sent', 'book', 'comforting', 'presence']
A38AAPXSJN4C5G##000100039X	['echoing', 'reviews', 'others', 'obvious', 'gibran', 'inspired', 'inspired', 'many', 'great', 'writers', 'ages', 'buddha', 'coehlo', 'countless', 'others', 'depth', 'truth', 'veil', 'simplicity', 'lifted', 'opens', 'mind', 'heart', 'soul', 'universal', 'wisdom', 'hard', 'understand', 'gibran', 'popular', 'day', '1960s', 'covering', 'landscape', 'religion', 'love', 'gibran', 'bubbles', 'deep', 'truths', 'form', 'farewell', 'speech', 'prophet', 'people', 'city', 'sets', 'sail', 'final', 'journey', 'metaphors', 'numerous', 'scale', 'depth', 'exceptional', 'book', 'nearly', 'one hundred', 'pages', 'content', 'readable', 'level', 'rapidly', 'book', 'one', 'bears', 'constant', 'revival', 'renewal', 'well', 'provides', 'reader', 'sweet', 'water', 'wisdom', 'merits', 'frequent', 'draws', 'slake', 'thirst', 'must', 'must', 'read']
AA6C78DHRK962##000100039X	['stumbled', 'onto', 'book', 'opened', 'mind', 'began', 'process', 'becoming', 'aware', 'went', 'across', 'country', 'collect', 'deceased', 'grandmothers', 'belongings', 'one', 'item', 'book', 'opened', 'cover', 'saw', 'grandma', 'lent', 'friends', 'signed', 'one', 'person', 'signed', 'mom', 'died', 'years', 'grandma', 'im', 'going', 'buy', 'little', 'arrow', '4th', 'generation', 'passing']
A263JC385S09O8##000100039X	['read', 'book', 'many', 'years', 'ago', 'book', 'ones', 'book', 'shelf', 'read', 'often', 'takes', 'several', 'readings', 'get', 'heart', 'deep', 'writings', 'philosophy', 'glad', 'replaced', 'one', 'lost']
AFY0BT42DDYZV##000100039X	['days', 'kahlil', 'gibrans', 'prophet', 'often', 'gets', 'dismissed', 'hippie', 'literature', 'yet', 'book', 'bestseller', 'long', '1960s', 'originally', 'published', 'one thousand, nine hundred and twenty-three', 'almost', 'instantly', 'became', 'hit', 'even', 'well', 'great', 'depression', 'today', 'gibrans', 'claim', 'fame', 'third', 'bestselling', 'poet', 'time', 'behind', 'shakespeare', 'lao', 'tzu', 'pretty', 'much', 'entirely', 'based', 'sales', 'book', 'publisher', 'alfred', 'knopf', 'asked', 'audience', 'book', 'flippantly', 'dismissed', 'question', 'must', 'cult', 'retorted', 'yet', 'cult', 'whats', 'incredible', 'theres', 'absolutely', 'marketing', 'hype', 'behind', 'success', 'book', 'gibran', 'long', 'gone', 'political', 'religious', 'commercial', 'enterprise', 'attached', 'name', 'bent', 'winning', 'souls', 'profits', 'gibran', 'estate', 'merely', 'licensing', 'copies', 'year', 'year', 'response', 'demand', 'demand', 'fueled', 'pretty', 'much', 'entirely', 'wordofmouth', 'chance', 'discovery', 'fact', 'twentysix', 'poems', 'book', 'surprising', 'suprassing', 'relevance', 'insight', 'compassion', 'broken', 'several', 'topics', 'love', 'work', 'joy', 'sorrow', 'etc', 'book', 'recounts', 'sermons', 'fictional', 'poet', 'leaving', 'behind', 'gift', 'knowledge', 'leaves', 'homeland', 'first', 'found', 'gibran', 'setting', 'poem', 'children', 'local', 'washington', 'c', 'singers', 'sweet', 'honey', 'rock', 'album', 'breaths', 'children', 'children', 'sons', 'daughters', 'lifes', 'longing', 'come', 'though', 'yet', 'belong', 'time', 'leave', 'college', 'eighteen', 'years', 'living', 'parents', 'roof', 'made', 'restless', 'autonomy', 'poem', 'eloquently', 'expressed', 'everything', 'yearning', 'say', 'hours', 'frustration', 'adolescent', 'angst', 'later', 'proved', 'reference', 'turn', 'times', 'needed', 'confidence', 'live', 'independent', 'fulfilling', 'life', 'still', 'maintaining', 'respect', 'compassion', 'towards', 'parents', 'raised', 'understate', 'say', 'poems', 'book', 'kept', 'grounded', 'sane', 'throughout', 'troubling', 'times', 'life', 'modern', 'lives', 'ever', 'hectic', 'stressful', 'busy', 'wrought', 'drama', 'frustration', 'depression', 'etc', 'knowledge', 'poems', 'brings', 'back', 'middle', 'ground', 'sage', 'wisdom', 'clarity', 'poems', 'often', 'helpful', 'unwinding', 'coming', 'back', 'earth', 'bring', 'back', 'place', 'clarity', 'whcih', 'see', 'life', 'wider', 'perspective', 'though', 'gibran', 'christian', 'despite', 'title', 'conceit', 'book', 'really', 'religious', 'book', 'insight', 'book', 'would', 'applicable', 'life', 'even', 'atheist', 'whats', 'poetry', 'mostly', 'imagistic', 'expect', 'academic', 'poetics', 'gibrans', 'contemporaries', 'eliot', 'pound', 'even', 'frost', 'written', 'aim', 'accessible', 'immediate', 'reader', 'rely', 'mostly', 'clear', 'metaphors', 'vivid', 'imagery', 'copies', 'prophet', 'hard', 'come', 'perhaps', 'check', 'books', 'table', 'contexts', 'either', 'using', 'amazons', 'search', 'inside', 'feature', 'local', 'bookstore', 'see', 'addresses', 'problem', 'issue', 'dealing', 'thats', 'good', 'place', 'start', 'chances', 'find', 'something', 'speaks', 'level']
A2TBX999AZ6Z7U##000100039X	['loved', 'book', 'forty', 'years', 'written', 'version', 'audio', 'richard', 'harris', 'narrating', 'believe', 'orchestral', 'accompaniment', 'new', 'format', 'increases', 'accessibility']
A11TYILTAFKPR3##000100039X	['gibran', 'first', 'introduced', 'definite', 'doubts', 'work', 'would', 'ordinary', 'grab', 'dictionary', 'sort', 'read', 'first', 'open', 'sections', 'apply', 'listen', 'words', 'roll', 'tongue', 'dance', 'ears', 'well', 'shock', 'word', 'yes', 'ideals', 'beliefs', 'expresses', 'prophet', 'may', 'differ', 'anything', 'new', 'far', 'philosophy', 'concerned', 'perfect', 'blend', 'brilliant', 'poetry', 'simple', 'philosophy', 'come', 'together', 'make', 'something', 'indeed', 'unique', 'ive', 'purchased', 'countless', 'copies', 'ones', 'know', 'love', 'understand', 'words', 'nothing', 'else', 'kahlils', 'work', 'labeled', 'truly', 'literary', 'work', 'art']
A308E1C7MU3462##000100039X	['kahlil', 'gibran', 'touchs', 'heart', 'soul', 'mind', 'beautiful', 'words', 'comfort', 'guide', 'people', 'would', 'read', 'work', 'call', 'work', 'wonderful', 'writing', 'publisher', 'many', 'seem', 'days', 'get', 'artisticand', 'print', 'faintly', 'letters', 'pale', 'grey', 'difficult', 'read', 'isnt', 'writing', 'publisher', 'fault', 'printers', 'realize', 'entire', 'purpose', 'printed', 'word', 'isto', 'let', 'people', 'read']
AAEP8YFERQ8FC##000100039X	['prophet', 'vivid', 'yet', 'dense', 'book', 'speaks', 'sort', 'wisdom', 'delight', 'wisdom', 'understand', 'illustrations', 'done', 'author', 'nice']
A2BQZRA2P81BQG##000100039X	['language', 'poetic', 'poetry', 'works', 'prose', 'poetry', 'fact', 'best', 'english', 'probably', 'gibran', 'somewhat', 'mimics', 'poetry', 'king', 'james', 'version', 'phrases', 'turns', 'images', 'brilliant', 'said', 'point', 'book', 'nice', 'things', 'religion', 'deeds', 'reflections', 'separate', 'faith', 'actions', 'spread', 'hours', 'saying', 'god', 'soul', 'body', 'good', 'point', 'several', 'nuggets', 'tell', 'hippieset', 'loved', 'book', 'spirituality', 'devoid', 'religion', 'namely', 'book', 'make', 'feel', 'cosmic', 'without', 'pesky', 'christian', 'morality', 'bit', 'quoted', 'followed', 'wears', 'morality', 'best', 'garment', 'better', 'naked', 'ah', 'see', 'morals', 'get', 'crime', 'punishment', 'get', 'takes', 'village', 'gem', 'single', 'leaf', 'turns', 'yellow', 'silent', 'knowledge', 'whole', 'tree', 'wrongdoer', 'cannot', 'wrong', 'without', 'hidden', 'see', 'crime', 'fault', 'criminal', 'fault', 'society', 'righteous', 'guilty', 'deeds', 'wicked', 'yea', 'guilty', 'oftentimes', 'victim', 'injured', 'see', 'selfrighteous', 'rich', 'folk', 'didnt', 'oppress', 'meek', 'poor', 'folk', 'wouldnt', 'commit', 'crime', 'wonder', 'injured', 'rape', 'victim', 'victimized', 'guilty', 'rapist', 'generally', 'twin', 'credos', 'prophet', 'one', 'path', 'god', 'right', 'path', 'two', 'feels', 'good', 'one', 'thus', 'pluralistic', 'relativism', 'lines', 'like', 'say', 'found', 'truth', 'rather', 'found', 'truth', 'say', 'found', 'path', 'soul', 'say', 'rather', 'met', 'soul', 'walking', 'upon', 'path', 'forget', 'jesus', 'said', 'way', 'truth', 'life', 'man', 'cometh', 'unto', 'father', 'john', 'fourteen', 'six', 'way', 'many', 'willfully', 'ignore', 'jesus', 'said', 'unecumenical', 'things', 'like', 'hippiejesus', 'thinks', 'many', 'paths', 'god', 'whole', 'one', 'source', 'many', 'wells', 'philosophy', 'dont', 'believe', 'think', 'folks', 'jesus', 'seminar', 'blackballed', 'verse', 'john', 'fourteen', 'six', 'great', 'loving', 'hippiejesus', 'believes', 'everyone', 'comes', 'god', 'way', 'would', 'never', 'say', 'blackball', 'last', 'quotation', 'wasnt', 'actual', 'quote', 'way', 'two', 'though', 'nature', 'good', 'evil', 'chapter', 'tempered', 'sortof', 'love', 'thy', 'neighbor', 'philosophy', 'still', 'defines', 'good', 'following', 'judaeochristian', 'morals', 'even', 'unto', 'others', 'prescription', 'good', 'one', 'feels', 'good', 'sure', 'gibran', 'later', 'seems', 'warn', 'unbridled', 'pleasureseeking', 'pleasure', 'freedomsong', 'freedom', 'blossoming', 'desires', 'fruit', 'later', 'however', 'hedonism', 'considered', 'path', 'truth', 'god', 'youth', 'seek', 'pleasure', 'judged', 'rebuked', 'would', 'judge', 'rebuke', 'would', 'seek', 'thus', 'paradox', 'liberalism', 'prophet', 'rebukes', 'rebuking', 'hedons', 'amongst', 'path', 'wrong', 'tell', 'wrong', 'ah', 'relativism', 'problem', 'unchecked', 'hedonism', 'good', 'one', 'prefer', 'mankind', 'always', 'finds', 'inner', 'reasoning', 'justify', 'evil', 'actions', 'man', 'always', 'finds', 'way', 'make', 'pleasureatanycost', 'devoid', 'anything', 'else', 'god', 'dont', 'want', 'seem', 'stick', 'mud', 'prude', 'overmoralizing', 'selfrighteous', 'christian', 'christian', 'hedon', 'sometimes', 'get', 'wheat', 'chaff', 'prophet', 'much', 'good', 'artfully', 'written', 'gibrans', 'thoughts', 'even', 'profound', 'still', 'much', 'bad', 'still', 'shuck', 'ear', 'speak', 'sometimes', 'must', 'take', 'wrong', 'path', 'leads', 'right', 'path', 'one', 'right', 'path', 'several', 'gibran', 'never', 'seems', 'say', 'since', 'lebanese', 'christian', 'find', 'sad', 'much', 'lead', 'astray', 'hold', 'gibran', 'prophet', 'inspired', 'numerous', 'imitations', 'lesserpoetic', 'talent', 'sad', 'purveyances', 'even', 'fewer', 'truths', 'yes', 'speaking', 'amongst', 'others', 'trite', 'inane', 'cacophonies', 'paulo', 'coelho', 'reviewers', 'readers', 'think', 'prophet', 'poetic', 'enlightening', 'cosmically', 'spiritual', 'tome', 'time', 'try', 'reading', 'psalms', 'kjv', 'open', 'mind', 'yes', 'invented', 'word', 'hedon', 'hedonist', 'sounds', 'like', 'philosophical', 'school', 'epicurean', 'latter', 'aesthete', 'lets', 'say', 'hedon', 'pleasureseeker', 'without', 'philosophy', 'hedon', 'unsophisticate', 'probably', 'made', 'word']
A25P6DY6ARTCGZ##000100039X	['book', 'almost', 'kahlil', 'gibran', 'took', 'pains', 'joys', 'millions', 'people', 'somehow', 'managed', 'encapsulate', 'wonders', 'one', 'book', 'unique', 'manner', 'gibran', 'explored', 'every', 'facet', 'human', 'existence', 'although', 'book', 'sacred', 'charm', 'universal', 'appeal', 'allow', 'anyone', 'religious', 'persuassion', 'enjoy', 'gem', 'book', 'wouldnt', 'surprised', 'hundred', 'years', 'theologians', 'unearth', 'book', 'conclude', 'bible', 'times']
A1DQYPYI53ABM##000100039X	['purchased', 'many', 'past', 'like', '1970safter', 'received', 'one', 'gift', 'recommend', 'ages']
A19VIL7MNAWHAA##000100039X	['kahlil', 'gibran', 'wonderful', 'poet', 'philosopher', 'meshes', 'bible', 'prose', 'spiritual', 'read']
AIHEMBMETF74K##000100039X	['residing', 'mind', 'words', 'true', 'poet', 'given', 'book', 'prophet', 'best', 'friend', 'young', 'followed', 'life', 'filled', 'emotions', 'practical', 'thought', 'needed', 'guide', 'smooth', 'rough', 'waters', 'life', 'gave', 'copy', 'kahil', 'gibrans', 'book', 'young', 'lady', 'hope', 'enjoy', 'rest', 'life', 'thank', 'amazon', 'wonderful', 'work', 'art', 'available']
A1SP45I55GQIIE##000100039X	['certainly', 'words', 'kahlil', 'gibran', 'eternally', 'present', 'divine', 'wisdom', 'told', 'words', 'source', 'sources', 'ready', 'receive', 'divine', 'wisdom', 'destined', 'read', 'know', 'meaning', 'behind', 'meanings', 'words', 'one', 'five', 'valued', 'books', 'keep', 'refering', 'solace', 'peace', 'writing', 'rather', 'instrument', 'write', 'book', 'kahlil', 'gibran', 'must', 'reached', 'original', 'source', 'knowledge', 'wisdom', 'available', 'humankind', 'gibrans', 'book', 'music', 'poetry', 'wisdom', 'truth', 'time', 'salute', 'kahlil', 'gibran', 'giving', 'us', 'quot', 'prophet', 'quot']
A2ZB1G1KUE6OS6##000100039X	['evidently', 'misread', 'writeup', 'thought', 'hardback', 'cheap', 'paperback', 'got', 'present', 'couldnt', 'send', 'back', 'im', 'dissapointed', 'cost']
A1XLZQ205ZAC7L##000100039X	['five', 'stars', 'book', 'would', 'surely', 'deserve', 'book', 'paradigm', 'wisdom', 'humility', 'grace', 'favorite', 'book', 'shelf', 'would', 'recommend', 'book', 'anyone', 'truly', 'gibran', 'religion', 'prophet', 'would', 'bible', 'never', 'inspiration', 'hit', 'velocity', 'reading', 'book']
A1T9MNWGNBWGUT##000100039X	['helped', 'replace', 'many', 'dysfunctional', 'premises', 'sociopathic', 'parents', 'modeled', 'book', 'popularity', 'continues', 'grow', 'phenomenal', 'rates', 'buy', 'version', 'since', 'id', 'lost', 'original', 'classic', 'one', 'certainly', 'need', 'half', 'price', 'book', 'stores', 'ca', 'got', 'spoiled', 'thirty-four', 'dallas', 'alone']
A3UJJGY799F76I##000100039X	['given', 'book', 'writer', 'friend', 'called', 'quot', 'beautiful', 'book', 'ive', 'ever', 'read', 'quot', 'since', 'similar', 'literary', 'tastes', 'inclined', 'read', 'little', 'book', 'written', 'rich', 'colorful', 'deep', 'wise', 'poetic', 'style', 'full', 'moving', 'impressive', 'spiritual', 'phrases', 'messages', 'ive', 'ever', 'read', 'written', 'one thousand, nine hundred and twenty-three', 'poetry', 'wisdom', 'timeless', 'david', 'rehakauthor', 'quot', 'poems', 'bleeding', 'heart', 'quot']
A9WX8DK93SN5##000100039X	['amin', 'rihani', 'described', 'friend', 'gibran', 'gibrans', 'style', 'writing', 'thirty-four', 'mawkish', 'sentimentalism', 'thirty-four', 'yes', 'sentimentalism', 'gibran', 'americans', 'taste', 'guy', 'pasty', 'stomach']
A34IJ03LO5KT1W##000100039X	['prophet', 'poetic', 'aspects', 'means', 'viewing', 'life', 'kahlil', 'gibran', 'able', 'draw', 'various', 'aspects', 'life', 'compile', 'take', 'senses', 'new', 'appreciable']
A1IJVXGQJ7P1G1##000100039X	['usually', 'dont', 'like', 'getting', 'books', 'obviate', 'someone', 'buys', 'book', 'certain', 'obligation', 'actually', 'read', 'takes', 'away', 'time', 'books', 'really', 'want', 'read', 'many', 'books', 'reading', 'list', 'little', 'time', 'read', 'getting', 'unaskedfor', 'book', 'feels', 'like', 'someone', 'actually', 'stealing', 'stealing', 'valuable', 'reading', 'time', 'case', 'prophet', 'however', 'wish', 'choice', 'benefactor', 'even', 'though', 'obviate', 'first', 'quick', 'read', 'consisting', 'twentynine', 'poetic', 'speeches', 'fictional', 'prophet', 'delivers', 'last', 'word', 'various', 'topics', 'since', 'head', 'back', 'home', 'lived', 'foreign', 'city', 'twelve', 'years', 'people', 'ask', 'speak', 'important', 'issues', 'touch', 'human', 'life', 'family', 'food', 'work', 'emotions', 'economics', 'social', 'problems', 'art', 'morality', 'spirituality', 'death', 'etc', 'issues', 'prophet', 'takes', 'might', 'called', 'eastern', 'stance', 'stresses', 'importance', 'letting', 'go', 'rather', 'taking', 'charge', 'whether', 'relationship', 'children', 'conflict', 'situations', 'end', 'life', 'lose', 'necessary', 'however', 'fully', 'agree', 'eastern', 'outlook', 'appreciate', 'book', 'poetic', 'beauty', 'inspiring', 'thoughts', 'whatever', 'worldview', 'degree', 'letting', 'go', 'art', 'learn', 'jacob', 'schriftman', 'author', 'ofjobs', 'wager', 'alternative', 'pascals', 'wager', 'atheists', 'wager', 'color', 'illustrations']
A2YCL7EHAUYM2L##000100039X	['must', 'everyones', 'library', 'graceful', 'poetry', 'inpirational', 'reading', 'lessons', 'live', 'even', 'let', 'go', 'new', 'printing', 'would', 'welcome', 'used', 'ones', 'good', 'condition', 'quite', 'expensive']
A2E71VWXO59342##000100039X	['prophet', 'dispenses', 'ultimate', 'wisdom', 'loved', 'ones', 'bids', 'fare', 'well', 'khalil', 'gibran', 'defines', 'never', 'words', 'define', 'appropriately', 'good', 'sense', 'define', 'discovered', 'book', 'back', 'took', 'long', 'time', 'read', 'since', 'refused', 'rush', 'read', 'lesson', 'time', 'understanding', 'best', 'ability', 'found', 'way', 'life', 'words', 'could', 'read', 'everyday', 'time', 'words', 'would', 'dispense', 'new', 'lesson', 'like', 'never', 'ending', 'treasure']
A329BKRM2USZ8T##000100039X	['truly', 'classic', 'world', 'literature', 'gibran', 'snatched', 'chunk', 'wisdom', 'etherfrom', 'agesand', 'fashioned', 'masterwork']
AFJZ0YVB4XMCE##000100039X	['work', 'still', 'holds', 'decades', 'later', 'every', 'reflective', 'thoughtful', 'person', 'prophet', 'home', 'library', 'read', 'one', 'chapter', 'time', 'chapter', 'love', 'good', 'anything', 'ive', 'ever', 'read']
A3OK8G6FAEFYCN##000100039X	['excellent', 'short', 'book', 'inspirational', 'fiction', 'one', 'best', 'poets', 'alltime', 'especially', 'love', 'artistic', 'cover', 'well', 'made', 'paperback', 'edition']
A1Q0EKDQGNLVNU##000100039X	['prophet', 'given', 'good', 'friend', 'dad', 'passed', 'away', 'twenty', 'years', 'ago', 'loved', 'first', 'time', 'read', 'given', 'several', 'copies', 'away', 'friends', 'family', 'lost', 'someone', 'loved', 'problem', 'thought', 'book', 'could', 'help', 'two', 'copies', 'home', 'often', 'refer', 'book', 'wont', 'want', 'part']
A2OP1HD9RGX5OW##000100039X	['book', 'poetic', 'myth', 'work', 'beauty', 'whose', 'every', 'word', 'drips', 'truth', 'thought', 'knowledge', 'reading', 'like', 'swimming', 'realitybut', 'reality', 'known', 'till', 'kahlil', 'kahlil', 'gibran', 'knew', 'something', 'shared', 'bit', 'wonder', 'simplicity', 'though', 'merely', 'preaching', 'prophet', 'gibran', 'able', 'turn', 'story', 'feel', 'gut', 'characters', 'prophet', 'unsurpassed', 'form', 'content', 'best', 'speaking', 'beauty', 'ways', 'never', 'known', 'weakest', 'speaking', 'prayer', 'certainly', 'gibran', 'relies', 'story', 'jesus', 'throughout', 'allusions', 'wordsand', 'actions', 'new', 'prophet', 'speaks', 'words', 'old', 'though', 'new', 'wineskin']
A3NU1LBH7RPFHV##000100039X	['would', 'buy', 'seller', 'kahlil', 'gibran', 'genius', 'prophet', 'uses', 'lot', 'old', 'english', 'still', 'easy', 'quick', 'read', 'see', 'book', 'translated', 'dozens', 'different', 'languages', 'definitely', 'words', 'live', 'poet']
A31WDOV3Q22ANV##000100039X	['given', 'book', 'high', 'school', 'graduation', 'gift', 'found', 'book', 'look', 'hard', 'times', 'well', 'good', 'times', 'advise', 'inspiration', 'hope', 'words', 'wisdom', 'highly', 'recommend']
ABFOAYZA2UHD3##000100039X	['book', 'recommended', 'friend', 'told', 'art', 'war', 'book', 'take', 'whatever', 'want', 'find', 'depends', 'much', 'book', 'speaks', 'love', 'life', 'people', 'touching', 'way', 'ever', 'handbag', 'times', 'first', 'read', 'cried', 'literally', 'something', 'mystical', 'like', 'think', 'took', 'lot', 'one', 'books', 'read']
A1XU2UXCTFC9WY##000100039X	['easy', 'read', 'interesting', 'book', 'bought', 'book', 'chance', 'luck', 'really', 'enjoyed', 'recommend', 'everyone']
A2X6GEC6LCDN4S##000100039X	['book', 'read', 'reread', 'many', 'many', 'times', 'great', 'timeless', 'thoughts', 'relationships', 'love', 'andfriendship', 'share', 'family', 'jeffrey', 'c', 'mcandrewauthor', 'quot', 'brown', 'eyed', 'boy', 'quot']
AAFLZI7MX9UIG##000100039X	['slow', 'reading', 'full', 'significant', 'messages', 'took', 'long', 'read', 'order', 'fully', 'capture', 'understandhis', 'message']
A1FQPOYRBTTK1##000100039X	['prophet', 'kahlil', 'gibran', 'book', 'thats', 'around', 'many', 'passages', 'book', 'many', 'basic', 'topics', 'marriage', 'children', 'friendship', 'work', 'pleasure', 'touch', 'one', 'form', 'another']
A1JBOMEZBH80JU##000100039X	['classic', 'world', 'literature', 'everyone', 'poets', 'heart', 'lovers', 'heart', 'philosophers', 'heart', 'dancers', 'heart', 'parents', 'heart', 'leaders', 'heart', 'simply', 'enjoys', 'beauty', 'found', 'lifes', 'joys', 'sorrows', 'book', 'simply', 'best']
A2DFYTW62P25Z##000100039X	['twenties', 'first', 'read', 'prophet', 'sixty-five', 'prophet', 'grown', 'depth', 'content', 'able', 'understand', 'deeply', 'book', 'believe', 'meaning', 'holy', 'writings', 'great', 'religions', 'read', 'decide', 'writings', 'hold', 'great', 'truths']
